animal_name,source,text,media_link,wikipedia_link
aardvark,https://www.animalfactsencyclopedia.com/Aardvark-facts.html,"Aardvarks are sometimes called ""ant bears"" ""earth pigs"" and ""cape anteaters""",,/wiki/Aardvark
aardvark,https://www.animalfactsencyclopedia.com/Aardvark-facts.html,"Aardvarks have rather primitive brains that are very small for the size of the animal. Some have suggested they are not particularly bright....",,/wiki/Aardvark
aardvark,https://www.animalfactsencyclopedia.com/Aardvark-facts.html,"Aardvarks teeth are lined with fine upright tubes and have no roots or enamel.",,/wiki/Aardvark 
aardvark,https://www.animalfactsencyclopedia.com/Aardvark-facts.html,"The aardvarks Latin family name ""Tubulidentata"" means ""tube toothed""",,/wiki/Aardvark
aardvark,https://www.animalfactsencyclopedia.com/Aardvark-facts.html,"Baby aardvarks are born with front teeth that fall out and never grow back.",,/wiki/Aardvark
aardvark,https://www.animalfactsencyclopedia.com/Aardvark-facts.html,"Aardvarks are living fossils not having changed for millions of years.",,/wiki/Aardvark
aardvark,https://www.animalfactsencyclopedia.com/Aardvark-facts.html,"Aardvarks will occasionally stand, and even take a step or two, on their hind legs",,/wiki/Aardvark
aardvark,https://www.animalfactsencyclopedia.com/Aardvark-facts.html,"Aardvarks can  use their powerful tails as a whip-like weapon of defense.",,/wiki/Aardvark
african wild dog,https://www.animalfactsencyclopedia.com/African-wild-dog-facts.html,"Wild dogs are known by many different names including painted dog, painted wolf, cape hunting dog, African hunting dog, singing dog and ornate wolf- wow!",,/wiki/African_wild_dog
african wild dog,https://www.animalfactsencyclopedia.com/African-wild-dog-facts.html,They are the most efficient hunters of any large predator with an 80% success rate.,,/wiki/African_wild_dog
african wild dog,https://www.animalfactsencyclopedia.com/African-wild-dog-facts.html,"Wild dogs don't use a kill bite when hunting, the pack will actually begin to eat their prey alive, which may be a big reason for their unpopularity, but is often actually a quicker ending",,/wiki/African_wild_dog
african wild dog,https://www.animalfactsencyclopedia.com/African-wild-dog-facts.html,The African Wild Dog is the second largest dog species after the grey wolf,,/wiki/African_wild_dog
andalusian,https://www.animalfactsencyclopedia.com/Andalusian-horse.html,The Andalusian was used in battle and is extremely agile,,/wiki/Blue_Andalusian
andalusian,https://www.animalfactsencyclopedia.com/Andalusian-horse.html,Over 80% of Andalusians are grey in color,,/wiki/Blue_Andalusian
andalusian,https://www.animalfactsencyclopedia.com/Andalusian-horse.html,"The long mane is sometimes braided in a pattern called ""plaited""",,/wiki/Blue_Andalusian
andalusian,https://www.animalfactsencyclopedia.com/Andalusian-horse.html,The Andalusian and the Lusitano were once the same breed,,/wiki/Blue_Andalusian
andalusian,https://www.animalfactsencyclopedia.com/Andalusian-horse.html,The Lusitano was bred in Portugal,,/wiki/Blue_Andalusian
andalusian,https://www.animalfactsencyclopedia.com/Andalusian-horse.html,The Andalusian horse is used in dressage displays,,/wiki/Blue_Andalusian
andalusian,https://www.animalfactsencyclopedia.com/Andalusian-horse.html,The Lipizzaner horse is descended from the Andalusian,,/wiki/Blue_Andalusian
anteater,https://www.animalfactsencyclopedia.com/Anteater-facts.html,"The giant anteater can consume 30,000 individual insects in one day",,/wiki/Anteater
anteater,https://www.animalfactsencyclopedia.com/Anteater-facts.html,The giant anteaters hair is 18 inches long,,/wiki/Anteater
anteater,https://www.animalfactsencyclopedia.com/Anteater-facts.html,Anteaters walk on their balled-up fists to keep their claws sharp for digging,,/wiki/Anteater
anteater,https://www.animalfactsencyclopedia.com/Anteater-facts.html,"The silky, or pygmy anteater weighs only about one pound, while the giant anteater can be 120 pounds and 7 feet long.",,/wiki/Anteater
anteater,https://www.animalfactsencyclopedia.com/Anteater-facts.html,The silky anteater is the smallest but probably  the loudest and will emit a very shrill scream when threatened,,/wiki/Anteater
anteater,https://www.animalfactsencyclopedia.com/Anteater-facts.html,Anteaters have no teeth,,/wiki/Anteater
anteater,https://www.animalfactsencyclopedia.com/Anteater-facts.html,A giant anteaters tongue is well over two feet long - or 1.5 to 2 times the length of its head,,/wiki/Anteater
anteater,https://www.animalfactsencyclopedia.com/Anteater-facts.html,Anteater babies ride on their mothers backs for about a year - Anteater Facts!,,/wiki/Anteater
armadillo,https://www.animalfactsencyclopedia.com/Armadillo-facts.html,The armadillo's armor is made out of bone,,/wiki/Armadillo
armadillo,https://www.animalfactsencyclopedia.com/Armadillo-facts.html,"Only one species, the three-banded, can roll into a ball",,/wiki/Armadillo
armadillo,https://www.animalfactsencyclopedia.com/Armadillo-facts.html,Armadillos can carry leprosy,,/wiki/Armadillo
armadillo,https://www.animalfactsencyclopedia.com/Armadillo-facts.html,The armadillo is a mammal and gives birth to live young,,/wiki/Armadillo
armadillo,https://www.animalfactsencyclopedia.com/Armadillo-facts.html,Armadillos can swim underwater and hold their breath for 5 minutes,,/wiki/Armadillo
armadillo,https://www.animalfactsencyclopedia.com/Armadillo-facts.html,The nine-banded armadillo is the state animal of Texas,,/wiki/Armadillo
baboon,https://www.animalfactsencyclopedia.com/Baboon-facts.html,Baboons have cheek pouches like hamsters,,/wiki/Baboon
baboon,https://www.animalfactsencyclopedia.com/Baboon-facts.html,The mandrill is the largest monkey species,,/wiki/Baboon
baboon,https://www.animalfactsencyclopedia.com/Baboon-facts.html,Baboons spend most of their time on the ground - not in trees,,/wiki/Baboon
baboon,https://www.animalfactsencyclopedia.com/Baboon-facts.html,"Baboons threaten each other with slow-motion ""yawns"" displaying their canine teeth",,/wiki/Baboon
baboon,https://www.animalfactsencyclopedia.com/Baboon-facts.html,Baboons walk on all-fours like a dog,,/wiki/Baboon
baboon,https://www.animalfactsencyclopedia.com/Baboon-facts.html,Baboons have lighter coloered skin on their eyelids and they will flash their lids to communicate.,,/wiki/Baboon
baboon,https://www.animalfactsencyclopedia.com/Baboon-facts.html,Male baboons are usually twice as large as female baboons - sometimes even larger,,/wiki/Baboon
baboon,https://www.animalfactsencyclopedia.com/Baboon-facts.html,"Baboons do not use tools, but have been known to throw rocks, hit things with sticks, and wash some food items   - Baboon Facts!",,/wiki/Baboon
badger,https://www.animalfactsencyclopedia.com/Badger-facts.html,"A group of badgers is called a ""cette""",,/wiki/Badger
badger,https://www.animalfactsencyclopedia.com/Badger-facts.html,Badgers live in huge underground burrows that can include up to 1/2 mile of tunnels,,/wiki/Badger
badger,https://www.animalfactsencyclopedia.com/Badger-facts.html,Badgers can dig both forwards and backwards and often dig backwards disappearing straight into the ground when confronted by an enemy,,/wiki/Badger
badger,https://www.animalfactsencyclopedia.com/Badger-facts.html,"Badgers do not hibernate but may enter a state called ""torpor"" where they sleep deeply for up to three weeks",,/wiki/Badger
badger,https://www.animalfactsencyclopedia.com/Badger-facts.html,"The word ""badger"" comes from the French word ""becheur"" which means ""digger""",,/wiki/Badger
badger,https://www.animalfactsencyclopedia.com/Badger-facts.html,Badgers have a third eyelid that protects their eyes while they dig.- Badger Facts!,,/wiki/Badger
bat,https://www.animalfactsencyclopedia.com/Bat-facts.html,Bats are not blind -they see as well as humans do,,/wiki/Bat
bat,https://www.animalfactsencyclopedia.com/Bat-facts.html,Most bats use echo-location to find their way in the dark,,/wiki/Bat
bat,https://www.animalfactsencyclopedia.com/Bat-facts.html,There are over 1000 species of bats,,/wiki/Bat
bat,https://www.animalfactsencyclopedia.com/Bat-facts.html,Some bats can live 40 years!,,/wiki/Bat
bat,https://www.animalfactsencyclopedia.com/Bat-facts.html,Three species of bats live on blood - the vampire bats form Mexico and South America,,/wiki/Bat
bat,https://www.animalfactsencyclopedia.com/Bat-facts.html,Bats are the only mammals that rest and sleep hanging by their hind feet,,/wiki/Bat
bat,https://www.animalfactsencyclopedia.com/Bat-facts.html,Bats can fly up to 60 mph,,/wiki/Bat
bat,https://www.animalfactsencyclopedia.com/Bat-facts.html,Some bats catch fish with their hind feet - like an eagle!,,/wiki/Bat
bat,https://www.animalfactsencyclopedia.com/Bat-facts.html,"Bats are the only mammals with wings, and the only ones that can truly fly",,/wiki/Bat
bat,https://www.animalfactsencyclopedia.com/Bat-facts.html,A single bat can eat more than 1000 mosquitoes a night,,/wiki/Bat
bat,https://www.animalfactsencyclopedia.com/Bat-facts.html,Bats in temperate climates hibernate or migrate to warmer locations,,/wiki/Bat
beaver,https://www.animalfactsencyclopedia.com/Beaver-facts.html,"Beavers were declared to be fish by the Church, so practicing Catholics could eat their tails for Lent",,/wiki/Beaver
beaver,https://www.animalfactsencyclopedia.com/Beaver-facts.html,"Beavers produce a secretion called ""castoreum"" that has a pleasant taste and is occasionally used as vanilla flavoring",,/wiki/Beaver
beaver,https://www.animalfactsencyclopedia.com/Beaver-facts.html,A beaver can hold it's breath for 15 minutes,,/wiki/Beaver
beaver,https://www.animalfactsencyclopedia.com/Beaver-facts.html,Giant ancient beavers were as big as grizzly bears,,/wiki/Beaver
beaver,https://www.animalfactsencyclopedia.com/Beaver-facts.html,"Beavers build dams to create ponds, and lodges to live in",,/wiki/Beaver
beaver,https://www.animalfactsencyclopedia.com/Beaver-facts.html,The beavers incisors are 2 inches long and bright orange,,/wiki/Beaver
beaver,https://www.animalfactsencyclopedia.com/Beaver-facts.html,"The beaver is the second largest rodent, the capybara is first",,/wiki/Beaver
beaver,https://www.animalfactsencyclopedia.com/Beaver-facts.html,Beavers may someday help us survive drought,,/wiki/Beaver
black bear,https://www.animalfactsencyclopedia.com/Black-bear-facts.html,"Some black bears have  a white patch on their chest called a ""blaze""",,/wiki/American_black_bear
black bear,https://www.animalfactsencyclopedia.com/Black-bear-facts.html,The black bear sees in color,,/wiki/American_black_bear
black bear,https://www.animalfactsencyclopedia.com/Black-bear-facts.html,Black bears are not usually black,,/wiki/American_black_bear
black bear,https://www.animalfactsencyclopedia.com/Black-bear-facts.html,Over 90% of the black bears in Yosemite National Park are brown or tan - not black!,,/wiki/American_black_bear
black bear,https://www.animalfactsencyclopedia.com/Black-bear-facts.html,Polar bears have black skin.,,/wiki/American_black_bear
black bear,https://www.animalfactsencyclopedia.com/Black-bear-facts.html,"There is a strain of black bears that are actually white - called ""ghost bears"" they live on an island off the coast of British Columbia",,/wiki/American_black_bear
black bear,https://www.animalfactsencyclopedia.com/Black-bear-facts.html,A new-born baby black bear is the size of a hamster!  - Amazing Black Bear Facts,,/wiki/American_black_bear
bonobo,https://www.animalfactsencyclopedia.com/Bonobo-facts.html,"A group of bonobos is called a ""troop"" or a ""community""",,/wiki/Bonobo
bonobo,https://www.animalfactsencyclopedia.com/Bonobo-facts.html,The bonobo and the chimpanzee are our closest living relatives sharing 98.7% of our DNA,,/wiki/Bonobo
bonobo,https://www.animalfactsencyclopedia.com/Bonobo-facts.html,Bonobos have opposable thumbs and opposable big toes too,,/wiki/Bonobo
bonobo,https://www.animalfactsencyclopedia.com/Bonobo-facts.html,"The bonobo was originally called the ""pygmy chimpanzee""",,/wiki/Bonobo
bonobo,https://www.animalfactsencyclopedia.com/Bonobo-facts.html,The bonobo is probably the sexiest animal on Earth,,/wiki/Bonobo
bonobo,https://www.animalfactsencyclopedia.com/Bonobo-facts.html,Bonobos have sex face to face and French kiss,,/wiki/Bonobo
bonobo,https://www.animalfactsencyclopedia.com/Bonobo-facts.html,The bonobo was one of the last large mammals to be discovered in the wild,,/wiki/Bonobo
bonobo,https://www.animalfactsencyclopedia.com/Bonobo-facts.html,Bonobos and chimps were once thought to be the same animal,,/wiki/Bonobo
bonobo,https://www.animalfactsencyclopedia.com/Bonobo-facts.html,Bonobos were recognized as a separate species in 1929,,/wiki/Bonobo
buffalo,https://www.animalfactsencyclopedia.com/Buffalo-facts.html,The American bison and the American buffalo are the same animal,,/wiki/Bison
buffalo,https://www.animalfactsencyclopedia.com/Buffalo-facts.html,"The name ""bison"" is more commonly accepted and is the name of the animals zoological genus and zoological species",,/wiki/Bison
buffalo,https://www.animalfactsencyclopedia.com/Buffalo-facts.html,There were once an estimated 65 million buffalo roaming free in North America,,/wiki/Bison
buffalo,https://www.animalfactsencyclopedia.com/Buffalo-facts.html,The buffalo is the largest land animal in the New World,,/wiki/Bison
buffalo,https://www.animalfactsencyclopedia.com/Buffalo-facts.html,November 2nd is National Bison Day!,,/wiki/Bison
buffalo,https://www.animalfactsencyclopedia.com/Buffalo-facts.html,in the 1800's the buffalo was almost hunted to extinction by the U.S. Government in an attempt to starve out the Native Americans,,/wiki/Bison
buffalo,https://www.animalfactsencyclopedia.com/Buffalo-facts.html,Both male and female buffalo have horns,,/wiki/Bison
buffalo,https://www.animalfactsencyclopedia.com/Buffalo-facts.html,The European bison lives in Poland and looks almost exactly like the American bison   - Buffalo Facts!,,/wiki/Bison
camel,https://www.animalfactsencyclopedia.com/Camel-facts.html,"The dromedary has one hump, and the bactrian has two",,/wiki/Camel
camel,https://www.animalfactsencyclopedia.com/Camel-facts.html,"The camels medium speed is a ""pace"" which moves both legs on the same side .",,/wiki/Camel
camel,https://www.animalfactsencyclopedia.com/Camel-facts.html,Camels mate sitting down!,,/wiki/Camel
camel,https://www.animalfactsencyclopedia.com/Camel-facts.html,The only wild herds of dromedary camels are in Australia - but they were once domestic,,/wiki/Camel
camel,https://www.animalfactsencyclopedia.com/Camel-facts.html,"There are over 150 Arabic words for ""camel""",,/wiki/Camel
camel,https://www.animalfactsencyclopedia.com/Camel-facts.html,Camels feet expand when bearing weight to keep them from sinking in the sand,,/wiki/Camel
camel,https://www.animalfactsencyclopedia.com/Camel-facts.html,"The camel is known as the ""Ship of the Desert""",,/wiki/Camel
camel,https://www.animalfactsencyclopedia.com/Camel-facts.html,"The word ""camel"" comes from a Latin root meaning ""to carry"" but the Hebrew term ""gamal"" may also have some impact - it means ""to go without""- Camel Facts!",,/wiki/Camel
cape buffalo,https://www.animalfactsencyclopedia.com/Cape-buffalo-facts.html,Cape buffalo are so powerful they have been know to tip over cars,,/wiki/African_buffalo
cape buffalo,https://www.animalfactsencyclopedia.com/Cape-buffalo-facts.html,"The ""boss"" is the solid shield of horn that covers the top of the buffalo's head",,/wiki/African_buffalo
cape buffalo,https://www.animalfactsencyclopedia.com/Cape-buffalo-facts.html,The Cape buffalo is also called the African buffalo,,/wiki/African_buffalo
cape buffalo,https://www.animalfactsencyclopedia.com/Cape-buffalo-facts.html,There are 4 subspecies of Cape or African buffalo,,/wiki/African_buffalo
cape buffalo,https://www.animalfactsencyclopedia.com/Cape-buffalo-facts.html,Baby Cape buffalo can run with the herd just an hour after being born,,/wiki/African_buffalo
cape buffalo,https://www.animalfactsencyclopedia.com/Cape-buffalo-facts.html,"New born Cape buffalo have spots on their heads called ""buttons"" where the horns will grow",,/wiki/African_buffalo
cape buffalo,https://www.animalfactsencyclopedia.com/Cape-buffalo-facts.html,Cape buffalo have a top speed of 35 miles an hour,,/wiki/African_buffalo
cape buffalo,https://www.animalfactsencyclopedia.com/Cape-buffalo-facts.html,"Cape buffalo are so dangerous they are known as ""the Black Death""",,/wiki/African_buffalo
caracal,https://www.animalfactsencyclopedia.com/Caracal-facts.html,The caracal can jump 10 feet high,,/wiki/Caracal
caracal,https://www.animalfactsencyclopedia.com/Caracal-facts.html,Caracals are generally nocturnal,,/wiki/Caracal
caracal,https://www.animalfactsencyclopedia.com/Caracal-facts.html,The caracal has very long black tufts on the tips of the ears,,/wiki/Caracal
caracal,https://www.animalfactsencyclopedia.com/Caracal-facts.html,The back of the ears are also black,,/wiki/Caracal
caracal,https://www.animalfactsencyclopedia.com/Caracal-facts.html,"The name ""caracal"" loosely means ""black ear""",,/wiki/Caracal
caracal,https://www.animalfactsencyclopedia.com/Caracal-facts.html,Nobody really knows the reason for the ear tufts,,/wiki/Caracal
cat,https://www.animalfactsencyclopedia.com/Cat-facts.html,99% of all calico cats are female due to a recessive gene,,/wiki/Cat
cat,https://www.animalfactsencyclopedia.com/Cat-facts.html,"The oldest cat on record was ""Creme Puff"" who lived 38 years!",,/wiki/Cat
cat,https://www.animalfactsencyclopedia.com/Cat-facts.html,The top two rows of a cats whiskers moved independently of the bottom twp,,/wiki/Cat
cat,https://www.animalfactsencyclopedia.com/Cat-facts.html,"During the life of an average cat 10,00 hours are spent purring",,/wiki/Cat
cat,https://www.animalfactsencyclopedia.com/Cat-facts.html,Cats sleep about 16 hours a day,,/wiki/Cat
cat,https://www.animalfactsencyclopedia.com/Cat-facts.html,There are about 500 million pet cats in the world,,/wiki/Cat
cat,https://www.animalfactsencyclopedia.com/Cat-facts.html,Cats spend 30% of their waking hours grooming,,/wiki/Cat
cat,https://www.animalfactsencyclopedia.com/Cat-facts.html,Ancient Egyptians shaved their eyebrows when mourning a departed cat,,/wiki/Cat
cheetah,https://www.animalfactsencyclopedia.com/Cheetah-facts.html,The cheetahs claws do not retract,,/wiki/Cheetah
chimp,https://www.animalfactsencyclopedia.com/Chimp-facts.html,"A group of chimps is called a ""community""",,/wiki/Chimpanzee
chimp,https://www.animalfactsencyclopedia.com/Chimp-facts.html,The chimpanzee is our closest living relative sharing 98.7% of our DNA,,/wiki/Chimpanzee
chimp,https://www.animalfactsencyclopedia.com/Chimp-facts.html,Chimps have opposable thumbs and opposable big toes too,,/wiki/Chimpanzee
chimp,https://www.animalfactsencyclopedia.com/Chimp-facts.html,Chimps do not exhibit the huge size difference between genders that is seen in gorillas and orangutans,,/wiki/Chimpanzee
chimp,https://www.animalfactsencyclopedia.com/Chimp-facts.html,Baby chimps are born with a white tuft of fur on their rump,,/wiki/Chimpanzee
chimp,https://www.animalfactsencyclopedia.com/Chimp-facts.html,The skin on a chimps face and hands is almost pink when they are born and darkens as they mature,,/wiki/Chimpanzee
chimp,https://www.animalfactsencyclopedia.com/Chimp-facts.html,"Chimps kiss, hug and hold hands to show affection",,/wiki/Chimpanzee
chimp,https://www.animalfactsencyclopedia.com/Chimp-facts.html,Chimpanzees are one of the nosiest mammals on Earth.- Chimp Facts!,,/wiki/Chimpanzee
chinchilla,https://www.animalfactsencyclopedia.com/Chinchilla-facts.html,Chinchilla fur has 60 to 80 hairs per hair follicle,,/wiki/Chinchilla
chinchilla,https://www.animalfactsencyclopedia.com/Chinchilla-facts.html,The chinchilla can leap a crevice 6 feet wide,,/wiki/Chinchilla
chinchilla,https://www.animalfactsencyclopedia.com/Chinchilla-facts.html,Chinchillas take dust baths in volcanic ash,,/wiki/Chinchilla
chinchilla,https://www.animalfactsencyclopedia.com/Chinchilla-facts.html,"Chinchillas are one of the longest lived rodents, sometimes living over 20 years",,/wiki/Chinchilla
chinchilla,https://www.animalfactsencyclopedia.com/Chinchilla-facts.html,It takes about 100 chinchillas to make 1 fur coat,,/wiki/Chinchilla
chinchilla,https://www.animalfactsencyclopedia.com/Chinchilla-facts.html,"Today, chinchilla fur comes from chinchillas raised on farms",,/wiki/Chinchilla
chinchilla,https://www.animalfactsencyclopedia.com/Chinchilla-facts.html,In the 1900's fur traders hunted chinchillas with dynamite,,/wiki/Chinchilla
mexican raccoon,https://www.animalfactsencyclopedia.com/Mexican-raccoon.html,The Mexican raccoon is formally known as the coati,,/wiki/Coati
mexican raccoon,https://www.animalfactsencyclopedia.com/Mexican-raccoon.html,There are four species of coati,,/wiki/Coati
mexican raccoon,https://www.animalfactsencyclopedia.com/Mexican-raccoon.html,The Mexican raccoon is the species known as the white-nosed coati,,/wiki/Coati
mexican raccoon,https://www.animalfactsencyclopedia.com/Mexican-raccoon.html,"Coatimundi, quati, tejon and hog-nosed coon are some other names",,/wiki/Coati
mexican raccoon,https://www.animalfactsencyclopedia.com/Mexican-raccoon.html,Tarantulas are a common part of the diet of a coati,,/wiki/Coati
mexican raccoon,https://www.animalfactsencyclopedia.com/Mexican-raccoon.html,"Coatis are members of the raccoon, or procyonid family",,/wiki/Coati
cougar,https://www.animalfactsencyclopedia.com/Cougar-facts.html,"The cougar, mountain lion, and puma are all the same animal",,/wiki/Cougar
cougar,https://www.animalfactsencyclopedia.com/Cougar-facts.html,Cougars have about a 12 to 18 year lifespan,,/wiki/Cougar
cougar,https://www.animalfactsencyclopedia.com/Cougar-facts.html,Male cougars are much larger than females,,/wiki/Cougar
cougar,https://www.animalfactsencyclopedia.com/Cougar-facts.html,Males are 130 to 260 pounds,,/wiki/Cougar
cougar,https://www.animalfactsencyclopedia.com/Cougar-facts.html,Females are 80 to 160 pounds,,/wiki/Cougar
cougar,https://www.animalfactsencyclopedia.com/Cougar-facts.html,The average male cougar is larger than the average African leopard,,/wiki/Cougar
cougar,https://www.animalfactsencyclopedia.com/Cougar-facts.html,"Cougars are not considered ""big cats"" because they do not roar",,/wiki/Cougar
coyote,https://www.animalfactsencyclopedia.com/Coyote-facts.html,"There are 19 sub-species of coyote spanning the entire U.S.,(including Alaska) Central America and most of Canada.",,/wiki/Coyote
coyote,https://www.animalfactsencyclopedia.com/Coyote-facts.html,"Coyotes have been known to team up with badgers when hunting small game, the coyote chasing the animal to ground and the badger digging it out.",,/wiki/Coyote
coyote,https://www.animalfactsencyclopedia.com/Coyote-facts.html,"The amazingly adaptive coyote population in North America seems unaffected by human expansion. The ""Urban Coyote"" has been spotted in Hollywood California and even Central Park, N.Y.!",,/wiki/Coyote
degu,https://www.animalfactsencyclopedia.com/Degu-facts.html,Degus are related to chinchillas,,/wiki/Common_degu
degu,https://www.animalfactsencyclopedia.com/Degu-facts.html,"but degus are not nocturnal, they are awake during the day",,/wiki/Common_degu
degu,https://www.animalfactsencyclopedia.com/Degu-facts.html,Degus live in huge colonies of as many as 100,,/wiki/Common_degu
degu,https://www.animalfactsencyclopedia.com/Degu-facts.html,"The degu is not tolerant of sugars, and is used in diabetes research",,/wiki/Common_degu
degu,https://www.animalfactsencyclopedia.com/Degu-facts.html,"Degus are usually brown, but some pets come in new colors",,/wiki/Common_degu
degu,https://www.animalfactsencyclopedia.com/Degu-facts.html,"Degus are very vocal, making chattering, squeaking and chuckling noises",,/wiki/Common_degu
dingo,https://www.animalfactsencyclopedia.com/Dingo-facts.html,"Dingoes are neither dogs nor wolves, they are their own distinct species",,/wiki/Dingo
dingo,https://www.animalfactsencyclopedia.com/Dingo-facts.html,The dingo is also called the warrigal,,/wiki/Dingo
dingo,https://www.animalfactsencyclopedia.com/Dingo-facts.html,"Dingoes are usually red, but can be black, cream and even white",,/wiki/Dingo
dingo,https://www.animalfactsencyclopedia.com/Dingo-facts.html,The dingo is the largest carnivore in Australia,,/wiki/Dingo
dingo,https://www.animalfactsencyclopedia.com/Dingo-facts.html,Packs of dingoes can take down a full grown kangaroo,,/wiki/Dingo
dingo,https://www.animalfactsencyclopedia.com/Dingo-facts.html,Kangaroos have been known to drown dingoes,,/wiki/Dingo
dingo,https://www.animalfactsencyclopedia.com/Dingo-facts.html,Dingoes can be found on cave paintings,,/wiki/Dingo
dingo,https://www.animalfactsencyclopedia.com/Dingo-facts.html,The longest fence in the world was built to keep dingoes out of Southeast Australia,,/wiki/Dingo
dog,https://www.animalfactsencyclopedia.com/All-About-Dogs.html,Dogs have been domesticated longer than any other animal,,/wiki/Dog
dog,https://www.animalfactsencyclopedia.com/All-About-Dogs.html,There are over 300 breeds of dogs worldwide,,/wiki/Dog
dog,https://www.animalfactsencyclopedia.com/All-About-Dogs.html,Some dogs can recognize over 1000 words,,/wiki/Dog
dog,https://www.animalfactsencyclopedia.com/All-About-Dogs.html,There are approximately 600 million dogs in the world,,/wiki/Dog
dog,https://www.animalfactsencyclopedia.com/All-About-Dogs.html,Dogs range in size from 2 to over 200 pounds,,/wiki/Dog
dog,https://www.animalfactsencyclopedia.com/All-About-Dogs.html,"A dogs sense of smell is 10,000 times more powerful than ours",,/wiki/Dog
dog,https://www.animalfactsencyclopedia.com/All-About-Dogs.html,"Bloodhounds don't smell blood, the ""blood"" in their name refers to bluebloods - because at one time only royalty could own them",,/wiki/Dog
dog,https://www.animalfactsencyclopedia.com/All-About-Dogs.html,Yorkshire terriers were bred small so they could hunt rats and mice in factories where they fit under the machinery,,/wiki/Dog
dog,https://www.animalfactsencyclopedia.com/All-About-Dogs.html,"The Russian wolfhound - or Borzoi-  really did hunt wolves, but they hunted in groups of four or five",,/wiki/Dog
dolphin,https://www.animalfactsencyclopedia.com/Dolphin-facts.html,"Although the bottlenose is most familiar, there are 41 different species of dolphin!",,/wiki/Dolphin
dolphin,https://www.animalfactsencyclopedia.com/Dolphin-facts.html,The killer whale is a actually a species of dolphin.,,/wiki/Dolphin
dolphin,https://www.animalfactsencyclopedia.com/Dolphin-facts.html,The bottle nose dolphins top speed is almost 30mph,,/wiki/Dolphin
dolphin,https://www.animalfactsencyclopedia.com/Dolphin-facts.html,Dolphins sleep with 1/2 their brain at a time!,,/wiki/Dolphin
dolphin,https://www.animalfactsencyclopedia.com/Dolphin-facts.html,"Bottlenose dolphins each have their own ""whistle"" that they use to identify themselves - exactly like a human name",,/wiki/Dolphin
dolphin,https://www.animalfactsencyclopedia.com/Dolphin-facts.html,The dolphin is one of the few animals to be born tail first  - Dolphin Facts,,/wiki/Dolphin
echidna,https://www.animalfactsencyclopedia.com/Echidna-facts.html,"Hidden under the spines, echidnas have a teeny, tiny tail",,/wiki/Echidna
echidna,https://www.animalfactsencyclopedia.com/Echidna-facts.html,"A baby echidna is called a ""puggle""",,/wiki/Echidna
echidna,https://www.animalfactsencyclopedia.com/Echidna-facts.html,The echidna can use it's beak like a crowbar to flip stones,,/wiki/Echidna
echidna,https://www.animalfactsencyclopedia.com/Echidna-facts.html,There are 4 species of echidna,,/wiki/Echidna
echidna,https://www.animalfactsencyclopedia.com/Echidna-facts.html,"The echidna has no external ears, but excellent hearing",,/wiki/Echidna
echidna,https://www.animalfactsencyclopedia.com/Echidna-facts.html,Echidnas have electrosensors in their noses,,/wiki/Echidna
echidna,https://www.animalfactsencyclopedia.com/Echidna-facts.html,Echidnas blow snot bubbles with their nostrils to keep dust out,,/wiki/Echidna
echidna,https://www.animalfactsencyclopedia.com/Echidna-facts.html,Echidnas have no teeth,,/wiki/Echidna
elephant,https://www.animalfactsencyclopedia.com/Elephant-facts.html,The Asian elephant is often commonly referred to as the Indian elephant,,/wiki/Elephant
elephant,https://www.animalfactsencyclopedia.com/Elephant-facts.html,"Wild African and Asian elephants reaching adulthood without ever growing tusks is becoming more common - an amazing evolutionary result of adults with large, well-formed tusks being killed off for their ivory before they can reproduce.- a very recent elephant fact and a fascinating example of micro-evolution!",,/wiki/Elephant
elephant,https://www.animalfactsencyclopedia.com/Elephant-facts.html,The Asian elephant has much smaller ears than the African elephant and has two distinctive bumps on thetop of the head.,,/wiki/Elephant
elephant,https://www.animalfactsencyclopedia.com/Elephant-facts.html,The largest bull African elephants can have 10 foot long tusks and must become accustomed to walking with their heads slightly  raised lest they stop short jousting the ground  - Elephant Facts,,/wiki/Elephant
elk,https://www.animalfactsencyclopedia.com/Elk-facts.html,"Male elk lose their antlers in late winter, and grow a new pair in the spring",,/wiki/Elk
elk,https://www.animalfactsencyclopedia.com/Elk-facts.html,"Elk have teeth called ""ivories"" that were once 8-inch long tusks like a walrus",,/wiki/Elk
elk,https://www.animalfactsencyclopedia.com/Elk-facts.html,Elk antlers may weigh 40 pounds,,/wiki/Elk
elk,https://www.animalfactsencyclopedia.com/Elk-facts.html,"Elk are ruminants and ""chew their cud"" just like a cow",,/wiki/Elk
elk,https://www.animalfactsencyclopedia.com/Elk-facts.html,A well-organized elk herd can deter a wolf pack attack,,/wiki/Elk
elk,https://www.animalfactsencyclopedia.com/Elk-facts.html,"Elk are also known by the Shawnee Indian name ""wapiti""",,/wiki/Elk
elk,https://www.animalfactsencyclopedia.com/Elk-facts.html,Elk ivories are used in jewelry,,/wiki/Elk
elk,https://www.animalfactsencyclopedia.com/Elk-facts.html,The elk antler has properties that can fight cancer and other diseases,,/wiki/Elk
elk,https://www.animalfactsencyclopedia.com/Elk-facts.html,Elk are raised on farms where their antlers can be safely harvested without harming the elk,,/wiki/Elk
fossa,https://www.animalfactsencyclopedia.com/Fossa-facts.html,The fossa is related to the mongoose,,/wiki/Fossa_(animal)
fossa,https://www.animalfactsencyclopedia.com/Fossa-facts.html,The fossas favorite prey are lemurs,,/wiki/Fossa_(animal)
fossa,https://www.animalfactsencyclopedia.com/Fossa-facts.html,Fossas are about 20 to 30 inches long without the tail,,/wiki/Fossa_(animal)
fossa,https://www.animalfactsencyclopedia.com/Fossa-facts.html,The tail is usually as long as the body,,/wiki/Fossa_(animal)
fossa,https://www.animalfactsencyclopedia.com/Fossa-facts.html,Fossas weigh 15 to 30 pounds with males larger,,/wiki/Fossa_(animal)
fossa,https://www.animalfactsencyclopedia.com/Fossa-facts.html,Fossas are a solid bronze/brown color with brown eyes,,/wiki/Fossa_(animal)
fox,https://www.animalfactsencyclopedia.com/Fox-facts.html,"The red fox is not always red, but a variety of shades from cream to almost black.",,/wiki/Fox
fox,https://www.animalfactsencyclopedia.com/Fox-facts.html,A foxes bones are about 30% lighter than the same size bone of a domestic dog.,,/wiki/Fox
fox,https://www.animalfactsencyclopedia.com/Fox-facts.html,The fox can hear rodents underground.,,/wiki/Fox
fox,https://www.animalfactsencyclopedia.com/Fox-facts.html,The grey fox has partially retractable claws - almost like a cat.,,/wiki/Fox
fox,https://www.animalfactsencyclopedia.com/Fox-facts.html,"The fox is taxonomically a carnivore, but will eat almost anything, including fruit",,/wiki/Fox
fox,https://www.animalfactsencyclopedia.com/Fox-facts.html,"The ""fox hunt"" is one of the most common themes in oil paintings, but rarely depicts the fox.",,/wiki/Fox
giraffe,https://www.animalfactsencyclopedia.com/Giraffe-facts.html,The giraffe is the largest ruminant and the worlds tallest animal,,/wiki/Giraffe
giraffe,https://www.animalfactsencyclopedia.com/Giraffe-facts.html,Male giraffes can be 18 feet tall at the top of the horns,,/wiki/Giraffe
giraffe,https://www.animalfactsencyclopedia.com/Giraffe-facts.html,"Giraffes have 2 to 5 horns called ""occicones""",,/wiki/Giraffe
giraffe,https://www.animalfactsencyclopedia.com/Giraffe-facts.html,The giraffes neck is 6 to 8 feet long and can weigh over 600 pounds,,/wiki/Giraffe
giraffe,https://www.animalfactsencyclopedia.com/Giraffe-facts.html,"Giraffes ""chew their cud"" just like cows",,/wiki/Giraffe
giraffe,https://www.animalfactsencyclopedia.com/Giraffe-facts.html,Giraffes defend themselves by kicking,,/wiki/Giraffe
giraffe,https://www.animalfactsencyclopedia.com/Giraffe-facts.html,A giraffes kick can kill a lion!,,/wiki/Giraffe
giraffe,https://www.animalfactsencyclopedia.com/Giraffe-facts.html,The giraffes tongue is about 18 inches long,,/wiki/Giraffe
gorilla,https://www.animalfactsencyclopedia.com/Gorilla-facts.html,"A group of gorillas is called a ""troop""",,/wiki/Gorilla
gorilla,https://www.animalfactsencyclopedia.com/Gorilla-facts.html,The gorilla is the largest of the great apes,,/wiki/Gorilla
gorilla,https://www.animalfactsencyclopedia.com/Gorilla-facts.html,"Adult male gorillas are called ""silverbacks"" for the silver hair that grows on their backs",,/wiki/Gorilla
gorilla,https://www.animalfactsencyclopedia.com/Gorilla-facts.html,"Western silverbacks have silver hair down their sides and thighs, Eastern silverbacks have a defined patch of silver between the shoulders.",,/wiki/Gorilla
gorilla,https://www.animalfactsencyclopedia.com/Gorilla-facts.html,Adult male gorillas are usually two times the size of adult females.,,/wiki/Gorilla
gorilla,https://www.animalfactsencyclopedia.com/Gorilla-facts.html,All gorilla species are critically endangered.,,/wiki/Gorilla
gorilla,https://www.animalfactsencyclopedia.com/Gorilla-facts.html,The mountain gorilla was not known to exist until 1902,,/wiki/Gorilla
gorilla,https://www.animalfactsencyclopedia.com/Gorilla-facts.html,Gorillas are almost entirely vegetarian only occasionally eating small insects .- Gorilla Facts!,,/wiki/Gorilla
grizzly bear,https://www.animalfactsencyclopedia.com/Grizzly-bear-facts.html,The grizzly bear can eat about 100 pounds of food a day.,,/wiki/Grizzly_bear
grizzly bear,https://www.animalfactsencyclopedia.com/Grizzly-bear-facts.html,Grizzly bears do not hibernate - they are in a dormant state but their body temperature does not drop dramatically as in true hibernation.,,/wiki/Grizzly_bear
grizzly bear,https://www.animalfactsencyclopedia.com/Grizzly-bear-facts.html,Grizzly bears and polar bears occasionally inter-breed in the wild. Some think their reddish-colored offspring are mistaken for Bigfoot!,,/wiki/Grizzly_bear
grizzly bear,https://www.animalfactsencyclopedia.com/Grizzly-bear-facts.html,The grizzly bears sense of smell is seven times greater than that of a bloodhound.,,/wiki/Grizzly_bear
grizzly bear,https://www.animalfactsencyclopedia.com/Grizzly-bear-facts.html,Grizzly bears stay with their mothers for as long as five years,,/wiki/Grizzly_bear
grizzly bear,https://www.animalfactsencyclopedia.com/Grizzly-bear-facts.html,A new-born baby grizzly bear is smaller than a guinea pig -  Amazing Grizzly Bear Facts!,,/wiki/Grizzly_bear
groundhog,https://www.animalfactsencyclopedia.com/Groundhog-facts.html,The groundhog is also known as the woodchuck,,/wiki/Groundhog
groundhog,https://www.animalfactsencyclopedia.com/Groundhog-facts.html,The groundhogs burrow is called a sette (pronounced set),,/wiki/Groundhog
groundhog,https://www.animalfactsencyclopedia.com/Groundhog-facts.html,When groundhogs hibernate their hearts may beat only 4 times a minute,,/wiki/Groundhog
groundhog,https://www.animalfactsencyclopedia.com/Groundhog-facts.html,"Other animals such as skunks, use groundhog burrows as their home",,/wiki/Groundhog
groundhog,https://www.animalfactsencyclopedia.com/Groundhog-facts.html,Groundhogs use a high-pitched whislte as a warning,,/wiki/Groundhog
groundhog,https://www.animalfactsencyclopedia.com/Groundhog-facts.html,Groundhogs loose over 30% of their body weight during hibernation,,/wiki/Groundhog
groundhog,https://www.animalfactsencyclopedia.com/Groundhog-facts.html,The groundhog is the only rodent with it's own day!,,/wiki/Groundhog
syrian hamster,https://www.animalfactsencyclopedia.com/Syrian-hamster.html,Syrian hamsters are also called golden hamsters,,/wiki/Golden_hamster
syrian hamster,https://www.animalfactsencyclopedia.com/Syrian-hamster.html,Teddy bear hamsters are Syrian hamsters with long hair,,/wiki/Golden_hamster
syrian hamster,https://www.animalfactsencyclopedia.com/Syrian-hamster.html,They sleep during the day and are awake at night,,/wiki/Golden_hamster
syrian hamster,https://www.animalfactsencyclopedia.com/Syrian-hamster.html,A hamsters teeth never stop growing,,/wiki/Golden_hamster
syrian hamster,https://www.animalfactsencyclopedia.com/Syrian-hamster.html,They must gnaw and chew on hard things to wear down their teeth,,/wiki/Golden_hamster
syrian hamster,https://www.animalfactsencyclopedia.com/Syrian-hamster.html,Hamsters can learn their names and be taught very simple tricks,,/wiki/Golden_hamster
african pygmy hedgehog,https://www.animalfactsencyclopedia.com/African-pygmy-hedgehog.html,Hedgehogs are not rodents,,/wiki/Four-toed_hedgehog
african pygmy hedgehog,https://www.animalfactsencyclopedia.com/African-pygmy-hedgehog.html,African pygmy hedgehogs are actually hybrids of two different species,,/wiki/Four-toed_hedgehog
african pygmy hedgehog,https://www.animalfactsencyclopedia.com/African-pygmy-hedgehog.html,The North African hedgehog and the white-belly or four-toed,,/wiki/Four-toed_hedgehog
african pygmy hedgehog,https://www.animalfactsencyclopedia.com/African-pygmy-hedgehog.html,A hedgehogs spikes are called spines or quills,,/wiki/Four-toed_hedgehog
african pygmy hedgehog,https://www.animalfactsencyclopedia.com/African-pygmy-hedgehog.html,"The quills are made of keratin, and are modified hairs",,/wiki/Four-toed_hedgehog
african pygmy hedgehog,https://www.animalfactsencyclopedia.com/African-pygmy-hedgehog.html,Hedgehog quills are different from porcupine quills,,/wiki/Four-toed_hedgehog
african pygmy hedgehog,https://www.animalfactsencyclopedia.com/African-pygmy-hedgehog.html,"They are not barbed at the end, and they don't detach easily",,/wiki/Four-toed_hedgehog
hippo,https://www.animalfactsencyclopedia.com/Hippo-facts.html,"A group of hippos is called a raft, pod, herd, dale or bloat!",,/wiki/Hippopotamus
hippo,https://www.animalfactsencyclopedia.com/Hippo-facts.html,Hippos regularly hold their breath for 5 minutes or more,,/wiki/Hippopotamus
hippo,https://www.animalfactsencyclopedia.com/Hippo-facts.html,Baby hippos are usually born underwater and must swim to the surface to take their first breath!,,/wiki/Hippopotamus
hippo,https://www.animalfactsencyclopedia.com/Hippo-facts.html,"The name ""hippopotamus"" means ""water-horse""",,/wiki/Hippopotamus
hippo,https://www.animalfactsencyclopedia.com/Hippo-facts.html,The hippos tusks never stop growing,,/wiki/Hippopotamus
hippo,https://www.animalfactsencyclopedia.com/Hippo-facts.html,Hippos generally do not eat in the water,,/wiki/Hippopotamus
hippo,https://www.animalfactsencyclopedia.com/Hippo-facts.html,Hippos leave the water at night to eat grass,,/wiki/Hippopotamus
hippo,https://www.animalfactsencyclopedia.com/Hippo-facts.html,The whale is the closest relative of the hippo,,/wiki/Hippopotamus
honey badger,https://www.animalfactsencyclopedia.com/Honey-badger-facts.html,"The honey badger has such tough skin that most stingers, and many fangs can't penetrate",,/wiki/Honey_badger
honey badger,https://www.animalfactsencyclopedia.com/Honey-badger-facts.html,The honey badger is widely recognized as the most fearless- and fiercest - animal in the world.,,/wiki/Honey_badger
honey badger,https://www.animalfactsencyclopedia.com/Honey-badger-facts.html,"The honey badger can survive a bite from a King cobra, and then eat the snake.",,/wiki/Honey_badger
honey badger,https://www.animalfactsencyclopedia.com/Honey-badger-facts.html,"The word ""badger"" comes from the French word ""becheur"" which means ""digger""",,/wiki/Honey_badger
honey badger,https://www.animalfactsencyclopedia.com/Honey-badger-facts.html,Honey badgers are active day and night and are always hunting,,/wiki/Honey_badger
horse,https://www.animalfactsencyclopedia.com/Horse-facts.html,The horse family includes zebras and donkeys,,/wiki/Horse
horse,https://www.animalfactsencyclopedia.com/Horse-facts.html,Their next closest relatives are rhinos and tapirs,,/wiki/Horse
horse,https://www.animalfactsencyclopedia.com/Horse-facts.html,"In the year 1900 approximately 130,000 horses were working in Manhattan",,/wiki/Horse
horse,https://www.animalfactsencyclopedia.com/Horse-facts.html,During the war in Afghanistan U.S. special forces road horses to get through the difficult terrain,,/wiki/Horse
horse,https://www.animalfactsencyclopedia.com/Horse-facts.html,"Horses have a group of special ligaments called the ""stay apparatus"" that allow them to sleep standing up",,/wiki/Horse
horse,https://www.animalfactsencyclopedia.com/Horse-facts.html,"Horses were domesticated about 6,000 years ago",,/wiki/Horse
horse,https://www.animalfactsencyclopedia.com/Horse-facts.html,"A pony is a small horse, a foal is a baby horse, a colt is a male baby horse and a filly is a female baby horse",,/wiki/Horse
hyena,https://www.animalfactsencyclopedia.com/Hyena-facts.html,The male hyenas baby-sit,,/wiki/Hyena
jaguar,https://www.animalfactsencyclopedia.com/Jaguar-facts.html,The jaguar is the only big cat that is native to the New World..,,/wiki/Jaguar
jaguar,https://www.animalfactsencyclopedia.com/Jaguar-facts.html,The jaguar is the third largest cat species in the world behind only the tiger and the lion.,,/wiki/Jaguar
jaguar,https://www.animalfactsencyclopedia.com/Jaguar-facts.html,Presumably the last wild jaguar in the United States was euthanized in 2009,,/wiki/Jaguar
jaguar,https://www.animalfactsencyclopedia.com/Jaguar-facts.html,Jaguars are the least likely of all the big cats to attack a human being,,/wiki/Jaguar
jaguar,https://www.animalfactsencyclopedia.com/Jaguar-facts.html,"Black jaguars are called ""black panthers""",,/wiki/Jaguar
jaguar,https://www.animalfactsencyclopedia.com/Jaguar-facts.html,"Black panthers occur about 6% of the time, and can be in the same litter with normal colored jaguars",,/wiki/Jaguar
jaguar,https://www.animalfactsencyclopedia.com/Jaguar-facts.html,Black panthers have faintly visible spots..,,/wiki/Jaguar
kangaroo,https://www.animalfactsencyclopedia.com/Kangaroo-facts.html,The kangaroo is the largest marsupial,,/wiki/Kangaroo
kangaroo,https://www.animalfactsencyclopedia.com/Kangaroo-facts.html,Kangaroos are only about the size of a jellybean at birth,,/wiki/Kangaroo
kangaroo,https://www.animalfactsencyclopedia.com/Kangaroo-facts.html,The kangaroo is the only large mammal that moves by hopping,,/wiki/Kangaroo
kangaroo,https://www.animalfactsencyclopedia.com/Kangaroo-facts.html,Kangaroos can hop up to 30 feet in one jump,,/wiki/Kangaroo
kangaroo,https://www.animalfactsencyclopedia.com/Kangaroo-facts.html,Kangaroos can jump up to 10 feet high,,/wiki/Kangaroo
kangaroo,https://www.animalfactsencyclopedia.com/Kangaroo-facts.html,Kangaroos hind legs always move together except when they are swimming,,/wiki/Kangaroo
kangaroo,https://www.animalfactsencyclopedia.com/Kangaroo-facts.html,"The mothers pouch is called a ""marsupium"", and is where the word ""marsupial"" comes from.",,/wiki/Kangaroo
kangaroo,https://www.animalfactsencyclopedia.com/Kangaroo-facts.html,Because of their unusual body structure kangaroos never move backwards and because they are always moving forward Australia uses a kangaroo on its coat of arms as a symbol of the countries resolute nature and dedication to progress,,/wiki/Kangaroo
killer whale,https://www.animalfactsencyclopedia.com/Killer-whale-facts.html,The killer whale is a actually the largest species of dolphin.,,/wiki/Orca
killer whale,https://www.animalfactsencyclopedia.com/Killer-whale-facts.html,"Killer whales stick their heads straight out of the water and inspect the world above the sea in an activity called ""spyhopping""",,/wiki/Orca
killer whale,https://www.animalfactsencyclopedia.com/Killer-whale-facts.html,"Killer whales are also known as ""orcas"" and by Inuit communities as ""blackfish""",,/wiki/Orca
killer whale,https://www.animalfactsencyclopedia.com/Killer-whale-facts.html,The killer whales top speed is almost 35 mph,,/wiki/Orca
killer whale,https://www.animalfactsencyclopedia.com/Killer-whale-facts.html,Killer whales sleep with 1/2 their brain at a time!,,/wiki/Orca
killer whale,https://www.animalfactsencyclopedia.com/Killer-whale-facts.html,The whale has a structure in its brain to process emotions that no other animal has - including human beings,,/wiki/Orca
killer whale,https://www.animalfactsencyclopedia.com/Killer-whale-facts.html,Killer whales may actually be several different species,,/wiki/Orca
killer whale,https://www.animalfactsencyclopedia.com/Killer-whale-facts.html,The killer whale is one of the few animals to be born tail first  - Killer Whale Facts.,,/wiki/Orca
koala,https://www.animalfactsencyclopedia.com/Koala-bear-facts.html,The koala is not a bear and is not related to any bear species,,/wiki/Koala
koala,https://www.animalfactsencyclopedia.com/Koala-bear-facts.html,"The word ""koala"" is an Aboriginal term for ""no drink"" because the koala gets most of its hydration from the leaves it eats",,/wiki/Koala
koala,https://www.animalfactsencyclopedia.com/Koala-bear-facts.html,Koalas sleep between 18 and 20 hours a day,,/wiki/Koala
koala,https://www.animalfactsencyclopedia.com/Koala-bear-facts.html,Koalas smell like eucalyptus cough drops,,/wiki/Koala
koala,https://www.animalfactsencyclopedia.com/Koala-bear-facts.html,Male koalas have a scent gland on their chest that they rub on their home trees to mark them,,/wiki/Koala
koala,https://www.animalfactsencyclopedia.com/Koala-bear-facts.html,"The mothers pouch is called a ""marsupium"", and is where the word ""marsupial"" comes from.",,/wiki/Koala
koala,https://www.animalfactsencyclopedia.com/Koala-bear-facts.html,"A male koala is called a buck, a female koala is called a doe and a baby koala is a joey",,/wiki/Koala
koala,https://www.animalfactsencyclopedia.com/Koala-bear-facts.html,"Nearly 4,000 koalas are killed each year by domestic dogs and automobiles, but the real culprit is deforestation which sends them to the ground to search for new habitat - Koala Bear Facts",,/wiki/Koala
lemur,https://www.animalfactsencyclopedia.com/Lemur-facts.html,Lemurs are only found on the island of Madagascar and tiny neighboring Comoro islands,,/wiki/Lemur
lemur,https://www.animalfactsencyclopedia.com/Lemur-facts.html,"Lemurs are primates, but they are not monkeys",,/wiki/Lemur
lemur,https://www.animalfactsencyclopedia.com/Lemur-facts.html,Lemurs have lower front teeth that are fashioned into a comb for grooming,,/wiki/Lemur
lemur,https://www.animalfactsencyclopedia.com/Lemur-facts.html,Ring-tailed lemurs spend the most time on the ground,,/wiki/Lemur
lemur,https://www.animalfactsencyclopedia.com/Lemur-facts.html,"The aye-aye has a special, long, boney finger, for hunting insects",,/wiki/Lemur
lemur,https://www.animalfactsencyclopedia.com/Lemur-facts.html,Natives believed whoever the aye-aye pointed its finger at was doomed,,/wiki/Lemur
lemur,https://www.animalfactsencyclopedia.com/Lemur-facts.html,"The lemur has a wet nose, like a dog, and a great sense of smell",,/wiki/Lemur
lemur,https://www.animalfactsencyclopedia.com/Lemur-facts.html,Scientists think lemur ancestors drifted to the island of Madagascar on clumps of floating vegetation,,/wiki/Lemur
leopard,https://www.animalfactsencyclopedia.com/Leopard-facts.html,The leopard is the best climber of the big cats..,,/wiki/Leopard
leopard,https://www.animalfactsencyclopedia.com/Leopard-facts.html,Leopards can drag prey twice their size high up into trees to keep them from scavengers,,/wiki/Leopard
leopard,https://www.animalfactsencyclopedia.com/Leopard-facts.html,"There are more leopards in the wild than lions, tigers and cheetahs combined.",,/wiki/Leopard
leopard,https://www.animalfactsencyclopedia.com/Leopard-facts.html,"A leopards spots are really circles of spots called ""rosettes"" that may be round or square in shape depending on the region.",,/wiki/Leopard
leopard,https://www.animalfactsencyclopedia.com/Leopard-facts.html,Leopards hang their kill in trees.,,/wiki/Leopard
leopard,https://www.animalfactsencyclopedia.com/Leopard-facts.html,"Although they are rarely in groups, a group of leopards is called a ""leap"" or a ""prowl""",,/wiki/Leopard
leopard,https://www.animalfactsencyclopedia.com/Leopard-facts.html,Leopards can be found both in rainforests and in the snow covered wilderness of Siberia,,/wiki/Leopard
leopard,https://www.animalfactsencyclopedia.com/Leopard-facts.html,Leopards are also known as panthers.,,/wiki/Leopard
leopard,https://www.animalfactsencyclopedia.com/Leopard-facts.html,A black panther is a leopard with melanistic coat coloration.,,/wiki/Leopard
leopard,https://www.animalfactsencyclopedia.com/Leopard-facts.html,Black panthers have faintly visible spots..,,/wiki/Leopard
african lion,https://www.animalfactsencyclopedia.com/African-lion-facts.html,Lions can consume up to 40 pounds of meat in a single meal.,,/wiki/Lion
african lion,https://www.animalfactsencyclopedia.com/African-lion-facts.html,"African lions sleep - or doze, rather- about 20 hours a day",,/wiki/Lion
african lion,https://www.animalfactsencyclopedia.com/African-lion-facts.html,"The ""big cats"" are the tiger, lion, leopard and jaguar - the only 4 members of the genus Panthera.",,/wiki/Lion
african lion,https://www.animalfactsencyclopedia.com/African-lion-facts.html,"The ""big cats"" are the only cats who can truly roar.",,/wiki/Lion
african lion,https://www.animalfactsencyclopedia.com/African-lion-facts.html,Big cats roar thanks to a specially designed larynx (a part of the throat).,,/wiki/Lion
african lion,https://www.animalfactsencyclopedia.com/African-lion-facts.html,The African lion has the longest larynx - and the loudest roar.,,/wiki/Lion
llama,https://www.animalfactsencyclopedia.com/Llama-facts.html,"Llamas have been domesticated for about 5,000 years",,/wiki/Llama
llama,https://www.animalfactsencyclopedia.com/Llama-facts.html,The llama has specially shaped blood cells to store oxygen in high altitudes,,/wiki/Llama
llama,https://www.animalfactsencyclopedia.com/Llama-facts.html,"Male llamas grow sharp ""fighting teeth"" and may damage eachother if they aren't removed",,/wiki/Llama
llama,https://www.animalfactsencyclopedia.com/Llama-facts.html,Llamas were used to carry the building materials during the construction of Machu Picchu,,/wiki/Llama
llama,https://www.animalfactsencyclopedia.com/Llama-facts.html,Llama herds hum in unison,,/wiki/Llama
llama,https://www.animalfactsencyclopedia.com/Llama-facts.html,A baby llama is called a cria,,/wiki/Llama
llama,https://www.animalfactsencyclopedia.com/Llama-facts.html,"Alpacas and llamas often interbreed, and the result is called a huarizo",,/wiki/Llama
llama,https://www.animalfactsencyclopedia.com/Llama-facts.html,"Some alpacas are worth hundreds of thousands of dollars, do to their exceptional wool, called ""fiber""",,/wiki/Llama
llama,https://www.animalfactsencyclopedia.com/Llama-facts.html,Alpaca fiber is softer than cashmere,,/wiki/Llama
manatee,https://www.animalfactsencyclopedia.com/Manatee-facts.html,Christopher Columbus mistook a manatee for a mermaid,,/wiki/Manatee
manatee,https://www.animalfactsencyclopedia.com/Manatee-facts.html,Manatees may have the smallest brain-to-body ratio of any mammal,,/wiki/Manatee
manatee,https://www.animalfactsencyclopedia.com/Manatee-facts.html,"When sleeping, manatees only need to take 3 breaths an hour",,/wiki/Manatee
manatee,https://www.animalfactsencyclopedia.com/Manatee-facts.html,Algae often grows on the backs of manatees - and acts as a sunscreen,,/wiki/Manatee
manatee,https://www.animalfactsencyclopedia.com/Manatee-facts.html,Manatees have thousands of whisker-like hairs all over their bodies,,/wiki/Manatee
manatee,https://www.animalfactsencyclopedia.com/Manatee-facts.html,The elephant is the closest relative of the manatee,,/wiki/Manatee
manatee,https://www.animalfactsencyclopedia.com/Manatee-facts.html,Manatees use their flippers to walk along the river bottom,,/wiki/Manatee
manatee,https://www.animalfactsencyclopedia.com/Manatee-facts.html,Manatees replace their molars as they where down,,/wiki/Manatee
manatee,https://www.animalfactsencyclopedia.com/Manatee-facts.html,"Despite how it may appear, the manatee does not have a layer of blubber and can't stand the cold",,/wiki/Manatee
meerkat,https://www.animalfactsencyclopedia.com/Meerkat-facts.html,The meerkat is also called the suricate,,/wiki/Meerkat
meerkat,https://www.animalfactsencyclopedia.com/Meerkat-facts.html,"The meerkat is not a weasel, it is a species of mongoose",,/wiki/Meerkat
meerkat,https://www.animalfactsencyclopedia.com/Meerkat-facts.html,"Like all mongooses, meerkats can kill cobras",,/wiki/Meerkat
meerkat,https://www.animalfactsencyclopedia.com/Meerkat-facts.html,Meerkats have about 20 specific warning calls,,/wiki/Meerkat
meerkat,https://www.animalfactsencyclopedia.com/Meerkat-facts.html,"A group of meerkats is called a ""mob"", a ""gang"", a ""pack"", or a ""troop"".",,/wiki/Meerkat
meerkat,https://www.animalfactsencyclopedia.com/Meerkat-facts.html,Meerkats have bare patches on their bellies that they expose to the sun when they need to warm up,,/wiki/Meerkat
meerkat,https://www.animalfactsencyclopedia.com/Meerkat-facts.html,The meerkats favorite food is scorpions,,/wiki/Meerkat
mongoose,https://www.animalfactsencyclopedia.com/Mongoose-facts.html,"A group of mongooses is called a ""mob"" a ""pack"" a ""gang"" or a ""troop""",,/wiki/Mongoose
mongoose,https://www.animalfactsencyclopedia.com/Mongoose-facts.html,The mongoose is not a weasel,,/wiki/Mongoose
mongoose,https://www.animalfactsencyclopedia.com/Mongoose-facts.html,The meerkat is a species of mongoose,,/wiki/Mongoose
mongoose,https://www.animalfactsencyclopedia.com/Mongoose-facts.html,Some mongoose species live in abandoned termite mounds,,/wiki/Mongoose
mongoose,https://www.animalfactsencyclopedia.com/Mongoose-facts.html,The mongoose has horizontal pupils.,,/wiki/Mongoose
mongoose,https://www.animalfactsencyclopedia.com/Mongoose-facts.html,Most mongoose species have very high tolerance to scorpion and snake venom -Mongoose Facts!,,/wiki/Mongoose
monkey,https://www.animalfactsencyclopedia.com/Monkey-facts.html,"A group of monkeys is called a ""troop""",,/wiki/Monkey
monkey,https://www.animalfactsencyclopedia.com/Monkey-facts.html,Some Old World monkeys have cheek pouches that allow them to save food and chew it later.,,/wiki/Monkey
monkey,https://www.animalfactsencyclopedia.com/Monkey-facts.html,"Many monkey species, like capuchins, use tools regularly.",,/wiki/Monkey
monkey,https://www.animalfactsencyclopedia.com/Monkey-facts.html,"Only one monkey species exists in Europe, the Barbary macaque of Gibraltar",,/wiki/Monkey
monkey,https://www.animalfactsencyclopedia.com/Monkey-facts.html,Howler monkeys can be heard for 5 miles,,/wiki/Monkey
monkey,https://www.animalfactsencyclopedia.com/Monkey-facts.html,Some New World monkeys may live their entire lives in rain forest treetops and never touch the ground.- Monkey Facts,,/wiki/Monkey
moose,https://www.animalfactsencyclopedia.com/Moose-facts.html,The moose is the largest deer in the world,,/wiki/Moose
moose,https://www.animalfactsencyclopedia.com/Moose-facts.html,"Moose antlers fall off every winter, and grow back every spring",,/wiki/Moose
moose,https://www.animalfactsencyclopedia.com/Moose-facts.html,Moose mothers usually have twins,,/wiki/Moose
moose,https://www.animalfactsencyclopedia.com/Moose-facts.html,A full grown male moose can be 7 feet tall at the shoulder,,/wiki/Moose
moose,https://www.animalfactsencyclopedia.com/Moose-facts.html,The big nose of the moose is designed to help them eat with their head underwater,,/wiki/Moose
moose,https://www.animalfactsencyclopedia.com/Moose-facts.html,"The moose has a fleshy, hanging dewlap called a ""bell""",,/wiki/Moose
moose,https://www.animalfactsencyclopedia.com/Moose-facts.html,Moose antlers can be over 6 feet wide,,/wiki/Moose
moose,https://www.animalfactsencyclopedia.com/Moose-facts.html,"If antlers get locked while moose are fighting, they may perish stuck together",,/wiki/Moose
mustang horse,https://www.animalfactsencyclopedia.com/Mustang-horse.html,Mustangs average about 56 inches at the shoulder,,/wiki/Mustang
mustang horse,https://www.animalfactsencyclopedia.com/Mustang-horse.html,They weigh between 700 and 900 pounds,,/wiki/Mustang
mustang horse,https://www.animalfactsencyclopedia.com/Mustang-horse.html,"There are approximately 50,000 wild mustangs",,/wiki/Mustang
mustang horse,https://www.animalfactsencyclopedia.com/Mustang-horse.html,There is a controversy over whether they are feral or truly wild,,/wiki/Mustang
mustang horse,https://www.animalfactsencyclopedia.com/Mustang-horse.html,Mustangs can run up to 35 miles an hour,,/wiki/Mustang
mustang horse,https://www.animalfactsencyclopedia.com/Mustang-horse.html,They have one of the longest life spans of horse breeds - sometimes 40 years!,,/wiki/Mustang
okapi,https://www.animalfactsencyclopedia.com/Okapi-facts.html,The okapi is the closest relative of the giraffe,,/wiki/Okapi
okapi,https://www.animalfactsencyclopedia.com/Okapi-facts.html,The okapis tongue is so long it can lick it's ears,,/wiki/Okapi
okapi,https://www.animalfactsencyclopedia.com/Okapi-facts.html,"Okapis have 2 skin-covered horns called ""occicones""",,/wiki/Okapi
okapi,https://www.animalfactsencyclopedia.com/Okapi-facts.html,The okapi has scent glands in it's feet that leave a stinky residue,,/wiki/Okapi
okapi,https://www.animalfactsencyclopedia.com/Okapi-facts.html,"Okapis ""chew their cud"" just like cows",,/wiki/Okapi
okapi,https://www.animalfactsencyclopedia.com/Okapi-facts.html,The okapi can communicate at sound levels that humans can't hear,,/wiki/Okapi
common opossum,https://www.animalfactsencyclopedia.com/Opossum-facts.html,"Opossum rabies is actually more rare than in skunks, raccoons or foxes",,/wiki/Common_opossum
common opossum,https://www.animalfactsencyclopedia.com/Opossum-facts.html,"The opossum is often called possum, leaving off the ""o""",,/wiki/Common_opossum
common opossum,https://www.animalfactsencyclopedia.com/Opossum-facts.html,"Old World ""possums"" and New World ""opossums"" are not closely related",,/wiki/Common_opossum
common opossum,https://www.animalfactsencyclopedia.com/Opossum-facts.html,Opossums have prehensile tails and opposable big toes,,/wiki/Common_opossum
common opossum,https://www.animalfactsencyclopedia.com/Opossum-facts.html,"The opossum is not a rodent, it is a marsupial like a kangaroo",,/wiki/Common_opossum
common opossum,https://www.animalfactsencyclopedia.com/Opossum-facts.html,"Opossums raise their young in a pouch called a ""marsupium""",,/wiki/Common_opossum
common opossum,https://www.animalfactsencyclopedia.com/Opossum-facts.html,The common opossum is the only marsupial in North America,,/wiki/Common_opossum
common opossum,https://www.animalfactsencyclopedia.com/Opossum-facts.html,"Opossums ""play opossum"" or ""play dead"" to confuse predators",,/wiki/Common_opossum
orangutan,https://www.animalfactsencyclopedia.com/Orangutan-facts.html,"A group of orangutans is called a ""congress""",,/wiki/Orangutan
orangutan,https://www.animalfactsencyclopedia.com/Orangutan-facts.html,The orangutan is the only great ape native to Asia,,/wiki/Orangutan
orangutan,https://www.animalfactsencyclopedia.com/Orangutan-facts.html,Orangutans are the largest tree-dwelling animals in the world,,/wiki/Orangutan
orangutan,https://www.animalfactsencyclopedia.com/Orangutan-facts.html,An orangutan has incredibly strong arms that are twice as long as its legs,,/wiki/Orangutan
orangutan,https://www.animalfactsencyclopedia.com/Orangutan-facts.html,"Adult male orangutans develop large ""cheek flanges"" that are thick pads of fat that frame their faces",,/wiki/Orangutan
orangutan,https://www.animalfactsencyclopedia.com/Orangutan-facts.html,The orangutan is the only great ape that does not live in large groups,,/wiki/Orangutan
orangutan,https://www.animalfactsencyclopedia.com/Orangutan-facts.html,Orangutans share about 96.4% of our DNA,,/wiki/Orangutan
orangutan,https://www.animalfactsencyclopedia.com/Orangutan-facts.html,Orangutans love a fruit called Durian which smells like strong garlic,,/wiki/Orangutan
otter,https://www.animalfactsencyclopedia.com/Otter-facts.html,Giant otters eat piranhas,,/wiki/Otter
otter,https://www.animalfactsencyclopedia.com/Otter-facts.html,River otters love to body surf in the snow,,/wiki/Otter
otter,https://www.animalfactsencyclopedia.com/Otter-facts.html,Mother sea otters wrap their babies in kelp or seaweed while they dive,,/wiki/Otter
otter,https://www.animalfactsencyclopedia.com/Otter-facts.html,"Otter poop has its own special name - ""spraint""",,/wiki/Otter
otter,https://www.animalfactsencyclopedia.com/Otter-facts.html,The sea otter has the densest coat of any mammal,,/wiki/Otter
otter,https://www.animalfactsencyclopedia.com/Otter-facts.html,Sea otter fur has one million individual hairs per square inch,,/wiki/Otter
otter,https://www.animalfactsencyclopedia.com/Otter-facts.html,Sea otters use rocks as tools to break open clams and crab shells,,/wiki/Otter
otter,https://www.animalfactsencyclopedia.com/Otter-facts.html,The sea otter is the smallest marine mammal,,/wiki/Otter
otter,https://www.animalfactsencyclopedia.com/Otter-facts.html,Fisherman in Bangladesh used trained otters to help them net the catch of the day,,/wiki/Otter
giant panda,https://www.animalfactsencyclopedia.com/Giant-Panda-facts.html,"Although scientists have debated for years about this one Giant Panda fact, recent DNA research has proved that the Giant panda really is a true bear.",,/wiki/Giant_panda
giant panda,https://www.animalfactsencyclopedia.com/Giant-Panda-facts.html,The giant pandas diet is over 95% bamboo,,/wiki/Giant_panda
giant panda,https://www.animalfactsencyclopedia.com/Giant-Panda-facts.html,"A newborn panda weighs only 3 to 5 onces and is 1/1000th the size of its mother!",,/wiki/Giant_panda
giant panda,https://www.animalfactsencyclopedia.com/Giant-Panda-facts.html,"The red panda or ""firefox"" is more closely related to a ferret than to a bear.",,/wiki/Giant_panda
pig,https://www.animalfactsencyclopedia.com/Pig-facts.html,There are over one billion pigs on Earth,,/wiki/Pig
pig,https://www.animalfactsencyclopedia.com/Pig-facts.html,Pigs can squeal almost as loud as a jet engine,,/wiki/Pig
pig,https://www.animalfactsencyclopedia.com/Pig-facts.html,Pigs can smell things 7 miles away and 20 feet underground,,/wiki/Pig
pig,https://www.animalfactsencyclopedia.com/Pig-facts.html,"Pigs do have a few sweat glands, but mostly on their nose",,/wiki/Pig
pig,https://www.animalfactsencyclopedia.com/Pig-facts.html,Pigs use their snouts for digging,,/wiki/Pig
pig,https://www.animalfactsencyclopedia.com/Pig-facts.html,A pigs hooves are called trotters,,/wiki/Pig
pig,https://www.animalfactsencyclopedia.com/Pig-facts.html,"Pigs will eat almost anything, including feces",,/wiki/Pig
pig,https://www.animalfactsencyclopedia.com/Pig-facts.html,Ancient Europeans once used pigs to get rid of sewage,,/wiki/Pig
polar bear,https://www.animalfactsencyclopedia.com/Polar-bear-facts.html,The polar bear is the largest land carnivore,,/wiki/Polar_bear
polar bear,https://www.animalfactsencyclopedia.com/Polar-bear-facts.html,"Polar bears spend about 90% of their lives in  - or on-  the water,  walking, running,  and rolling around on the frozen ice cap, which is - after all- not land, but sea!.",,/wiki/Polar_bear
polar bear,https://www.animalfactsencyclopedia.com/Polar-bear-facts.html,Polar bears and brown bears occasionally inter-breed in the wild. Some think their reddish-colored offspring are mistaken for Bigfoot!,,/wiki/Polar_bear
polar bear,https://www.animalfactsencyclopedia.com/Polar-bear-facts.html,A polar bears fur is not white - the hairs are actually translucent,,/wiki/Polar_bear
polar bear,https://www.animalfactsencyclopedia.com/Polar-bear-facts.html,Polar bears have black skin.,,/wiki/Polar_bear
polar bear,https://www.animalfactsencyclopedia.com/Polar-bear-facts.html,Polar bears can smell a seal coming up for air over 1/2 a mile away.,,/wiki/Polar_bear
polar bear,https://www.animalfactsencyclopedia.com/Polar-bear-facts.html,A new-born baby polar bear is smaller than a guinea pig     Amazing Polar Bear Facts!,,/wiki/Polar_bear
porcupine,https://www.animalfactsencyclopedia.com/Porcupine-facts.html,Porcupines can't throw their quills,,/wiki/Porcupine
porcupine,https://www.animalfactsencyclopedia.com/Porcupine-facts.html,"Porcupines have a strong, musky ""wet dog"" smell",,/wiki/Porcupine
porcupine,https://www.animalfactsencyclopedia.com/Porcupine-facts.html,"Though they are a little clumsy, porcupines are built for climbing",,/wiki/Porcupine
porcupine,https://www.animalfactsencyclopedia.com/Porcupine-facts.html,African cape porcupines have 20 inch quills,,/wiki/Porcupine
porcupine,https://www.animalfactsencyclopedia.com/Porcupine-facts.html,Porcupine quills are hollow,,/wiki/Porcupine
porcupine,https://www.animalfactsencyclopedia.com/Porcupine-facts.html,"Porcupine guard hairs are used to make a Native American headress called a ""roach""",,/wiki/Porcupine
porcupine,https://www.animalfactsencyclopedia.com/Porcupine-facts.html,The quills have barbs on the tips that cause them to burrow deeper into the skin and make them hard to remove,,/wiki/Porcupine
porcupine,https://www.animalfactsencyclopedia.com/Porcupine-facts.html,"The fisher, a very tough weasel species, regularly eats porcupines",,/wiki/Porcupine
porcupine,https://www.animalfactsencyclopedia.com/Porcupine-facts.html,Some porcupines have prehensile tails like New World monkeys,,/wiki/Porcupine
puppy,https://www.animalfactsencyclopedia.com/Puppy-facts.html,Puppies are born blind and hairless,,/wiki/Puppy
puppy,https://www.animalfactsencyclopedia.com/Puppy-facts.html,Their eyes will open at about 8 to 14 days,,/wiki/Puppy
puppy,https://www.animalfactsencyclopedia.com/Puppy-facts.html,Puppies can stand up at about 15 days old,,/wiki/Puppy
puppy,https://www.animalfactsencyclopedia.com/Puppy-facts.html,They are usually able to walk about by 21 days old,,/wiki/Puppy
puppy,https://www.animalfactsencyclopedia.com/Puppy-facts.html,They are very well coordinated and can run and jump by,,/wiki/Puppy
puppy,https://www.animalfactsencyclopedia.com/Puppy-facts.html,"Puppies are born with 28 ""puppy teeth""",,/wiki/Puppy
puppy,https://www.animalfactsencyclopedia.com/Puppy-facts.html,These teeth fall out and are replaced by 48 adult teeth at around 4 months,,/wiki/Puppy
rabbit,https://www.animalfactsencyclopedia.com/Rabbit-facts.html,"A group of rabbits is called a ""herd""",,/wiki/Rabbit
rabbit,https://www.animalfactsencyclopedia.com/Rabbit-facts.html,"Rabbits live in underground burrows called ""warrens"" that can include several rooms and several hundred feet of tunnels",,/wiki/Rabbit
rabbit,https://www.animalfactsencyclopedia.com/Rabbit-facts.html,"The male rabbit is a buck, the female is a doe and the baby is a kit, a kitten or a bunny",,/wiki/Rabbit
rabbit,https://www.animalfactsencyclopedia.com/Rabbit-facts.html,"Rabbits are born helpless with no fur and their eyes closed, hares are born fully furred, eyes open and can eat solid food almost immediately.",,/wiki/Rabbit
rabbit,https://www.animalfactsencyclopedia.com/Rabbit-facts.html,"Rabbits are lagamorphs, not rodents",,/wiki/Rabbit
rabbit,https://www.animalfactsencyclopedia.com/Rabbit-facts.html,Domestic rabbits have changed in captivity so substantially that they can no longer successfully  breed with wild rabbits,,/wiki/Rabbit
rabbit,https://www.animalfactsencyclopedia.com/Rabbit-facts.html,Rabbits can see completely behind them,,/wiki/Rabbit
rabbit,https://www.animalfactsencyclopedia.com/Rabbit-facts.html,A rabbits teeth continue to grow its entire life,,/wiki/Rabbit
rabbit,https://www.animalfactsencyclopedia.com/Rabbit-facts.html,"Rabbit meat is leaner than beef, chicken or pork and is all white meat.- Rabbit Facts!",,/wiki/Rabbit
raccoon,https://www.animalfactsencyclopedia.com/Raccoon-facts.html,"A group of raccoons is called a ""nursery"" or a ""gaze"" of raccoons",,/wiki/Raccoon
raccoon,https://www.animalfactsencyclopedia.com/Raccoon-facts.html,"The word raccoon comes from a Powhatan Native American word meaning ""scrubs with hands""",,/wiki/Raccoon
raccoon,https://www.animalfactsencyclopedia.com/Raccoon-facts.html,Raccoons were once thought to be tiny bears.,,/wiki/Raccoon
raccoon,https://www.animalfactsencyclopedia.com/Raccoon-facts.html,Christopher Columbus was the first to put observations about this fascinating animal down in writing,,/wiki/Raccoon
raccoon,https://www.animalfactsencyclopedia.com/Raccoon-facts.html,Raccoons have whiskers on their front toes!,,/wiki/Raccoon
raccoon,https://www.animalfactsencyclopedia.com/Raccoon-facts.html,"Raccoons do not have opposable thumbs,  but their ""pinkie"" finger and thumb can meet across the palm.",,/wiki/Raccoon
raccoon,https://www.animalfactsencyclopedia.com/Raccoon-facts.html,"Raccoons are born with very fine fuzz, and faint little masks around their eyes",,/wiki/Raccoon
raccoon,https://www.animalfactsencyclopedia.com/Raccoon-facts.html,"The ""raccoon dog""looks remarkably like a raccoon but is not related to the raccoon - it is in the canine family.- Raccoon Facts!",,/wiki/Raccoon
reindeer,https://www.animalfactsencyclopedia.com/Reindeer-facts.html,"The reindeer of North America are called ""caribou""",,/wiki/Reindeer
reindeer,https://www.animalfactsencyclopedia.com/Reindeer-facts.html,The Eurasian reindeer is the only domestic species of deer,,/wiki/Reindeer
reindeer,https://www.animalfactsencyclopedia.com/Reindeer-facts.html,Reindeer are the only species of deer in which the females usually have antlers,,/wiki/Reindeer
reindeer,https://www.animalfactsencyclopedia.com/Reindeer-facts.html,The reindeer has the largest set of antlers for body mass of all deer - including moose,,/wiki/Reindeer
reindeer,https://www.animalfactsencyclopedia.com/Reindeer-facts.html,A mature male forest reindeer can have an antler spread of over  5 feet,,/wiki/Reindeer
reindeer,https://www.animalfactsencyclopedia.com/Reindeer-facts.html,Some caribou herds have the longest migration of any land animal - over 3000 miles,,/wiki/Reindeer
rhino,https://www.animalfactsencyclopedia.com/Rhino-facts.html,White rhinos and Black rhinos are both actually grey in color,,/wiki/Rhinoceros
rhino,https://www.animalfactsencyclopedia.com/Rhino-facts.html,"White rhinos are probably called ""white"" due to a misinterpretation of the word for ""wide"" referring to their wide, straight lips.",,/wiki/Rhinoceros
rhino,https://www.animalfactsencyclopedia.com/Rhino-facts.html,The Black rhino may be called black because they often cover themselves with very dark mud.,,/wiki/Rhinoceros
rhino,https://www.animalfactsencyclopedia.com/Rhino-facts.html,The largest rhino horns can be over 4 feet in length!,,/wiki/Rhinoceros
rhino,https://www.animalfactsencyclopedia.com/Rhino-facts.html,Rhinoceros skin is over an inch thick in some parts of the body,,/wiki/Rhinoceros
rhino,https://www.animalfactsencyclopedia.com/Rhino-facts.html,"Rhinos are not nearly as dangerous as they look, and only about 3 attacks a year are reported.",,/wiki/Rhinoceros
rhino,https://www.animalfactsencyclopedia.com/Rhino-facts.html,"It is occasionally suggested that rhinos have ""extra ribs"", but they actually have 18 pairs, which is the same number of ribs that horses have.",,/wiki/Rhinoceros
seal,https://www.animalfactsencyclopedia.com/Seal-facts.html,"Seals are known as the true seals, the earless seals or the crawling seals",,/wiki/Pinniped
seal,https://www.animalfactsencyclopedia.com/Seal-facts.html,"A male seal is called a bull, a female is called a cow, and a baby is called a pup",,/wiki/Pinniped
seal,https://www.animalfactsencyclopedia.com/Seal-facts.html,"A group of seals is called a colony on land, and a raft when in the water.",,/wiki/Pinniped
seal,https://www.animalfactsencyclopedia.com/Seal-facts.html,The male Southern elephant seal can grow to the size of a small truck weighing over 7000 pounds and measuring over 16 feet long.,,/wiki/Pinniped
seal,https://www.animalfactsencyclopedia.com/Seal-facts.html,Some seals can stay underwater for up to an hour without taking a breath,,/wiki/Pinniped
seal,https://www.animalfactsencyclopedia.com/Seal-facts.html,Seals replace their skin and their fur every year in one 30 day long molt.,,/wiki/Pinniped
sea lion,https://www.animalfactsencyclopedia.com/Sea-lion-facts.html,Sea lions are known as eared or walking seals,,/wiki/Sea_lion
sea lion,https://www.animalfactsencyclopedia.com/Sea-lion-facts.html,"A male sea lion is called a bull, a female is called a cow, and a baby is called a pup",,/wiki/Sea_lion
sea lion,https://www.animalfactsencyclopedia.com/Sea-lion-facts.html,"A group of sea lions is called a colony on land, and a raft when in the water.",,/wiki/Sea_lion
sea lion,https://www.animalfactsencyclopedia.com/Sea-lion-facts.html,The male stellar sea lion can grow to the size of a compact car weighing over 2000 pounds and measuring over 10 feet long.,,/wiki/Sea_lion
sea lion,https://www.animalfactsencyclopedia.com/Sea-lion-facts.html,Some sea lions can stay underwater for over half an hour without taking a breath,,/wiki/Sea_lion
sea lion,https://www.animalfactsencyclopedia.com/Sea-lion-facts.html,Male sea lions may fast for up to 40 days during mating season.,,/wiki/Sea_lion
sea lion,https://www.animalfactsencyclopedia.com/Sea-lion-facts.html,Female sea lions may fast for up to 16 days when their pup is first born,,/wiki/Sea_lion
sea lion,https://www.animalfactsencyclopedia.com/Sea-lion-facts.html,"The sea lion is known as the ""angel of the sea"" because  their front flippers look like angels  wings while they are swimming and sometimes when they are sleeping.",,/wiki/Sea_lion
sea lion,https://www.animalfactsencyclopedia.com/Sea-lion-facts.html,The trained seals seen in water parks and circuses are usually California sea lions.,,/wiki/Sea_lion
serval cat,https://www.animalfactsencyclopedia.com/Serval-cat.html,Serval cats are bred to domestic housecats to produce Savannah cats,,/wiki/Serval
serval cat,https://www.animalfactsencyclopedia.com/Serval-cat.html,The serval eats rodents and small birds whole,,/wiki/Serval
serval cat,https://www.animalfactsencyclopedia.com/Serval-cat.html,Serval cats have the biggest ears of any cat species,,/wiki/Serval
serval cat,https://www.animalfactsencyclopedia.com/Serval-cat.html,The servals tail is about half the length of a domestic cats tail,,/wiki/Serval
serval cat,https://www.animalfactsencyclopedia.com/Serval-cat.html,Servals are the most efficient hunters of all cat species,,/wiki/Serval
serval cat,https://www.animalfactsencyclopedia.com/Serval-cat.html,Servals are successful in 50 percent of their hunts,,/wiki/Serval
serval cat,https://www.animalfactsencyclopedia.com/Serval-cat.html,Lions are only successful about 30 percent of the time,,/wiki/Serval
skunk,https://www.animalfactsencyclopedia.com/Skunk-facts.html,Skunks can accurately spray up to 15 feet,,/wiki/Skunk
skunk,https://www.animalfactsencyclopedia.com/Skunk-facts.html,"Skunk spray is not urine, it is the secretions of the anal glands",,/wiki/Skunk
skunk,https://www.animalfactsencyclopedia.com/Skunk-facts.html,The skunks bold coloring is a warning to stay away,,/wiki/Skunk
skunk,https://www.animalfactsencyclopedia.com/Skunk-facts.html,"Skunks almost never spray eachother, except during mating season",,/wiki/Skunk
skunk,https://www.animalfactsencyclopedia.com/Skunk-facts.html,The only thing that eats skunks regularly is the Great horned owl,,/wiki/Skunk
skunk,https://www.animalfactsencyclopedia.com/Skunk-facts.html,Great horned owls have a very poor sense of smell!,,/wiki/Skunk
skunk,https://www.animalfactsencyclopedia.com/Skunk-facts.html,"Skunks are immune to rattlesnake venom, bee stings and scorpions, and will eat all of them",,/wiki/Skunk
skunk,https://www.animalfactsencyclopedia.com/Skunk-facts.html,Some people keep skunks as pets,,/wiki/Skunk
sloth,https://www.animalfactsencyclopedia.com/Sloth-facts.html,The sloth has the slowest metabolism of any mammal on Earth.,,/wiki/Sloth
sloth,https://www.animalfactsencyclopedia.com/Sloth-facts.html,Sloths take about 25 days to digest one leaf.,,/wiki/Sloth
sloth,https://www.animalfactsencyclopedia.com/Sloth-facts.html,The ancestors of todays sloth were as big as African elephants,,/wiki/Sloth
sloth,https://www.animalfactsencyclopedia.com/Sloth-facts.html,Both two-toed and three-toed sloths have three toes  on their hind limbs.,,/wiki/Sloth
sloth,https://www.animalfactsencyclopedia.com/Sloth-facts.html,The sloth takes a potty break only once a week,,/wiki/Sloth
sloth,https://www.animalfactsencyclopedia.com/Sloth-facts.html,Sloths sleep hanging completely upside-down,,/wiki/Sloth
sloth,https://www.animalfactsencyclopedia.com/Sloth-facts.html,"The sloths fur is home to algae, lichen and even moths.",,/wiki/Sloth
sloth,https://www.animalfactsencyclopedia.com/Sloth-facts.html,The sloth turns green in the rainy season due to algae growing on its fur. - Sloth Facts,,/wiki/Sloth
snow leopard,https://www.animalfactsencyclopedia.com/Snow-leopard-facts.html,"The snow leopard has been considered a ""big cat"" since 2008",,/wiki/Snow_leopard
snow leopard,https://www.animalfactsencyclopedia.com/Snow-leopard-facts.html,"Unlike the other ""big cats"" they cannot roar",,/wiki/Snow_leopard
snow leopard,https://www.animalfactsencyclopedia.com/Snow-leopard-facts.html,Snow leopards are 22 to 24 inches tall at the shoulder,,/wiki/Snow_leopard
snow leopard,https://www.animalfactsencyclopedia.com/Snow-leopard-facts.html,Snow leopards weigh between 60 and 100 pounds,,/wiki/Snow_leopard
snow leopard,https://www.animalfactsencyclopedia.com/Snow-leopard-facts.html,Their large feet spread out and act like snowshoes,,/wiki/Snow_leopard
snow leopard,https://www.animalfactsencyclopedia.com/Snow-leopard-facts.html,"Snow leopards are nocturnal, and hunt at night",,/wiki/Snow_leopard
snow leopard,https://www.animalfactsencyclopedia.com/Snow-leopard-facts.html,They can jump a distance of over 30 feet,,/wiki/Snow_leopard
squirrel,https://www.animalfactsencyclopedia.com/Squirrel-Facts.html,Squirrels can remember the location of hundreds of buried nuts,,/wiki/Squirrel
squirrel,https://www.animalfactsencyclopedia.com/Squirrel-Facts.html,"The squirrel is a rodent, related to marmots and prairie dogs",,/wiki/Squirrel
squirrel,https://www.animalfactsencyclopedia.com/Squirrel-Facts.html,Squirrels have double-jointed ankles so they can come down a tree head first,,/wiki/Squirrel
squirrel,https://www.animalfactsencyclopedia.com/Squirrel-Facts.html,The squirrels ankles rotate so that the claws of the toes can hook on the tree bark,,/wiki/Squirrel
squirrel,https://www.animalfactsencyclopedia.com/Squirrel-Facts.html,There are dozens of species of squirrels found all over the world,,/wiki/Squirrel
squirrel,https://www.animalfactsencyclopedia.com/Squirrel-Facts.html,Squirrels make a nest out of twigs called a drey,,/wiki/Squirrel
tarsier,https://www.animalfactsencyclopedia.com/Tarsier-facts.html,"The tarsiers eyes are bigger than their brain, and their stomach",,/wiki/Tarsier
tarsier,https://www.animalfactsencyclopedia.com/Tarsier-facts.html,Tarsiers can move their heads 180 degrees in either direction,,/wiki/Tarsier
tarsier,https://www.animalfactsencyclopedia.com/Tarsier-facts.html,"The ankle bones, or tarsals, of the tarsier are incredibly long",,/wiki/Tarsier
tarsier,https://www.animalfactsencyclopedia.com/Tarsier-facts.html,The tarsier is named for its unique tarsal bones,,/wiki/Tarsier
tarsier,https://www.animalfactsencyclopedia.com/Tarsier-facts.html,The hind legs of the tarsier are longer percentage-wise than any other mammal,,/wiki/Tarsier
tarsier,https://www.animalfactsencyclopedia.com/Tarsier-facts.html,Tarsiers can jump about 30 times their body length,,/wiki/Tarsier
tarsier,https://www.animalfactsencyclopedia.com/Tarsier-facts.html,US Navy Squadron-VF 33 from NAS Oceana Va.-has the Tarsier as its' squadron mascot and insignia,,/wiki/Tarsier
tarsier,https://www.animalfactsencyclopedia.com/Tarsier-facts.html,Tarsier fossils are 50 million years old,,/wiki/Tarsier
tarsier,https://www.animalfactsencyclopedia.com/Tarsier-facts.html,The tarsier makes noises so high in frequency that we can't hear them,,/wiki/Tarsier
tasmanian devil,https://www.animalfactsencyclopedia.com/Tasmanian-devil-facts.html,The Tasmanian devils jaws open a full 80 degrees and it has a bite strength of 1200 PSI!,,/wiki/Tasmanian_devil
tasmanian devil,https://www.animalfactsencyclopedia.com/Tasmanian-devil-facts.html,"The devil stores fat in its tail so when food is scarce the tail is narrow and limp, when life is good the tail is fat and happy.",,/wiki/Tasmanian_devil
tasmanian devil,https://www.animalfactsencyclopedia.com/Tasmanian-devil-facts.html,Tasmanian devils spend more time biting each other than any other species,,/wiki/Tasmanian_devil
tasmanian devil,https://www.animalfactsencyclopedia.com/Tasmanian-devil-facts.html,"The huge head, massive neck and powerful jaws allow them to eat parts of carcasses that others might leave behind -  like the bones!",,/wiki/Tasmanian_devil
tasmanian devil,https://www.animalfactsencyclopedia.com/Tasmanian-devil-facts.html,"The mothers pouch is called a ""marsupium"", and is where the word ""marsupial"" comes from.",,/wiki/Tasmanian_devil
tiger,https://www.animalfactsencyclopedia.com/Tiger-facts.html,The Siberian tiger is also known as the Amur tiger.,,/wiki/Tiger
tiger,https://www.animalfactsencyclopedia.com/Tiger-facts.html,"The tiger is the largest of the four ""Big Cats""",,/wiki/Tiger
tiger,https://www.animalfactsencyclopedia.com/Tiger-facts.html,"Tigers love water! Playing, swimming and snoozing in it!",,/wiki/Tiger
tiger,https://www.animalfactsencyclopedia.com/Tiger-facts.html,There are 3 times as many tigers kept as personal pets in the U.S. than exist in the wild.,,/wiki/Tiger
tiger,https://www.animalfactsencyclopedia.com/Tiger-facts.html,Tigers can eat 60 pounds of meat at one time.,,/wiki/Tiger
tiger,https://www.animalfactsencyclopedia.com/Tiger-facts.html,"A group of tigers is called a ""streak""",,/wiki/Tiger
tiger,https://www.animalfactsencyclopedia.com/Tiger-facts.html,Tigers can be found both on  tropical islands and in the snow covered wilderness of Siberia.,,/wiki/Tiger
walrus,https://www.animalfactsencyclopedia.com/Walrus-facts.html,The walrus can dive to depths of over 300 feet,,/wiki/Walrus
walrus,https://www.animalfactsencyclopedia.com/Walrus-facts.html,Walruses use their tusks to pull themselves up onto icebergs,,/wiki/Walrus
walrus,https://www.animalfactsencyclopedia.com/Walrus-facts.html,The tusks of a male walrus can grow up to 40 inches,,/wiki/Walrus
walrus,https://www.animalfactsencyclopedia.com/Walrus-facts.html,Walruses have 1 inch think skin,,/wiki/Walrus
walrus,https://www.animalfactsencyclopedia.com/Walrus-facts.html,Walruses have 6 inch thick blubber,,/wiki/Walrus
walrus,https://www.animalfactsencyclopedia.com/Walrus-facts.html,The walruses Latin name means tooth-walker,,/wiki/Walrus
walrus,https://www.animalfactsencyclopedia.com/Walrus-facts.html,Walruses live in the oceans around the North Pole,,/wiki/Walrus
walrus,https://www.animalfactsencyclopedia.com/Walrus-facts.html,The walrus eats hundreds of clams a day,,/wiki/Walrus
whale,https://www.animalfactsencyclopedia.com/Whale-facts.html,The killer whale is a actually the largest species of dolphin.,,/wiki/Whale
whale,https://www.animalfactsencyclopedia.com/Whale-facts.html,"Killer whales stick their heads straight out of the water and inspect the world above the sea in an activity called ""spyhopping""",,/wiki/Whale
whale,https://www.animalfactsencyclopedia.com/Whale-facts.html,"Killer whales are also known as ""orcas"" and by Inuit communities as ""blackfish""",,/wiki/Whale
whale,https://www.animalfactsencyclopedia.com/Whale-facts.html,The killer whales top speed is almost 35 mph,,/wiki/Whale
whale,https://www.animalfactsencyclopedia.com/Whale-facts.html,Killer whales sleep with 1/2 their brain at a time!,,/wiki/Whale
whale,https://www.animalfactsencyclopedia.com/Whale-facts.html,The whale has a structure in its brain to process emotions that no other animal has - including human beings,,/wiki/Whale
wildebeest,https://www.animalfactsencyclopedia.com/Wildebeest-facts.html,"Wildebeest are energetic, active and playful",,/wiki/Wildebeest
wildebeest,https://www.animalfactsencyclopedia.com/Wildebeest-facts.html,A wildebeest can run at 50 miles per hour,,/wiki/Wildebeest
wildebeest,https://www.animalfactsencyclopedia.com/Wildebeest-facts.html,"There are 2 species of wildebeest, blue wildebeest and black wildebeest",,/wiki/Wildebeest
wildebeest,https://www.animalfactsencyclopedia.com/Wildebeest-facts.html,Wildebeest have a lifespan of up to 20 years,,/wiki/Wildebeest
wildebeest,https://www.animalfactsencyclopedia.com/Wildebeest-facts.html,Both male and female wildebeests have horns,,/wiki/Wildebeest
wildebeest,https://www.animalfactsencyclopedia.com/Wildebeest-facts.html,Some 2 million wildebeest take part in the great migration each year,,/wiki/Wildebeest
wildebeest,https://www.animalfactsencyclopedia.com/Wildebeest-facts.html,Not all populations of wildebeests migrate,,/wiki/Wildebeest
wolf,https://www.animalfactsencyclopedia.com/Wolf-facts.html,Wolves are born with blue eyes,,/wiki/Wolf
wolf,https://www.animalfactsencyclopedia.com/Wolf-facts.html,"When packs howl, they harmonize",,/wiki/Wolf
wolf,https://www.animalfactsencyclopedia.com/Wolf-facts.html,The wolf is the largest species of canine,,/wiki/Wolf
wolf,https://www.animalfactsencyclopedia.com/Wolf-facts.html,Wolves can be solid black and solid white as well as all shades of grey and brown,,/wiki/Wolf
wolf,https://www.animalfactsencyclopedia.com/Wolf-facts.html,It is a myth that wolf howls don't echo,,/wiki/Wolf
wolf,https://www.animalfactsencyclopedia.com/Wolf-facts.html,A wolf's sense of smell is 100 times more powerful than ours,,/wiki/Wolf
wolf,https://www.animalfactsencyclopedia.com/Wolf-facts.html,A wolf packs size seems to be determined by the size of game available,,/wiki/Wolf
wolf,https://www.animalfactsencyclopedia.com/Wolf-facts.html,Wolves regularly hunt animals like moose that may be 10 times their size,,/wiki/Wolf
wolf,https://www.animalfactsencyclopedia.com/Wolf-facts.html,Wolves lift their legs to urinate on trees just like dogs,,/wiki/Wolf
wolverine,https://www.animalfactsencyclopedia.com/Wolverine-facts.html,Wolverines have poor eyesight but a great sense of smell,,/wiki/Wolverine
wolverine,https://www.animalfactsencyclopedia.com/Wolverine-facts.html,They can smell a dead animal buried 10 or even 20 feet below the snow,,/wiki/Wolverine
wolverine,https://www.animalfactsencyclopedia.com/Wolverine-facts.html,A 30 pound wolverine can take down a deer weighing 150 pounds,,/wiki/Wolverine
wolverine,https://www.animalfactsencyclopedia.com/Wolverine-facts.html,Wolverines have special teeth for slicing through frozen flesh,,/wiki/Wolverine
wolverine,https://www.animalfactsencyclopedia.com/Wolverine-facts.html,Wolverine fur does not collect frost or ice and is used to line parkas and hoods,,/wiki/Wolverine
wolverine,https://www.animalfactsencyclopedia.com/Wolverine-facts.html,The wolverine has 4 inch long claws,,/wiki/Wolverine
wolverine,https://www.animalfactsencyclopedia.com/Wolverine-facts.html,Average lifespan for a wolverine is about 10 years,,/wiki/Wolverine
wombat,https://www.animalfactsencyclopedia.com/Wombat-facts.html,"When the busy day catches up with them, wombats will nap lying flat on their backs.",,/wiki/Wombat
wombat,https://www.animalfactsencyclopedia.com/Wombat-facts.html,Wombats are most closely related to koalas but have much larger brains.,,/wiki/Wombat
wombat,https://www.animalfactsencyclopedia.com/Wombat-facts.html,"Wombats are quite accurately nick-named ""the bulldozers of the bush""",,/wiki/Wombat
wombat,https://www.animalfactsencyclopedia.com/Wombat-facts.html,A newborn wombat is the size of a jellybean!,,/wiki/Wombat
wombat,https://www.animalfactsencyclopedia.com/Wombat-facts.html,"The mothers wombats pouch is called a ""marsupium"", and is where the word ""marsupial"" comes from.",,/wiki/Wombat
wombat,https://www.animalfactsencyclopedia.com/Wombat-facts.html,Wombats are at home on the beach,,/wiki/Wombat
wombat,https://www.animalfactsencyclopedia.com/Wombat-facts.html,The wombats teeth never stop growing,,/wiki/Wombat
wombat,https://www.animalfactsencyclopedia.com/Wombat-facts.html,The wombats pouch faces backward - not forward like a kangaroo,,/wiki/Wombat
wombat,https://www.animalfactsencyclopedia.com/Wombat-facts.html,A wombats den can be 150 feet long and have 5 different exits and entrances,,/wiki/Wombat
wombat,https://www.animalfactsencyclopedia.com/Wombat-facts.html,Male wombats are Jacks  female wombats are Jills and baby wombats are Joeys,,/wiki/Wombat
wombat,https://www.animalfactsencyclopedia.com/Wombat-facts.html,A wombats droppings are in the shape of a cube.,,/wiki/Wombat
wombat,https://www.animalfactsencyclopedia.com/Wombat-facts.html,Wombats snore...        Wombat Facts,,/wiki/Wombat
zebra,https://www.animalfactsencyclopedia.com/Zebra-facts.html,"Contrary to some claims, zebras, like all other equines, identify each other by smell and vocalization, not by their stripes.",,/wiki/Zebra
zebra,https://www.animalfactsencyclopedia.com/Zebra-facts.html,The zebras stripes make it more difficult for predators to target one individual out of the herd.,,/wiki/Zebra
zebra,https://www.animalfactsencyclopedia.com/Zebra-facts.html,"Albino zebras occasionally occur in the wild. Often called ""golden zebras"" they are not true albinos, but have pale tan or golden stripes and light brown or even blue eyes.",,/wiki/Zebra